Subcategory,Food,Serving,Calories
Meat,Alligator,100 g,97 Cal
Meat,Beef,100 g,156 Cal
Meat,Beef Bologna,100 g,299 Cal
Meat,"Beef Fillet, Beef Tenderloin",100 g,121 Cal
Meat,Beef Heart,100 g,105 Cal
Meat,Beef Jerky,100 g,269 Cal
Meat,Beef Kidney,100 g,48 Cal
Meat,Beef Liver,100 g,131 Cal
Meat,Beef Patty,100 g,295 Cal
Meat,Beef Roast,100 g,216 Cal
Meat,Beef Stew,100 g,251 Cal
Meat,Beef Tongue,100 g,221 Cal
Meat,Beef Tripe,100 g,85 Cal
Meat,Bison Meat,100 g,146 Cal
Meat,Brawn,100 g,140 Cal
Meat,Buffalo,100 g,99 Cal
Meat,Buffalo Wings,100 g,312 Cal
Meat,Caribou,100 g,166 Cal
Meat,Chicken,100 g,166 Cal
Meat,Chicken Breast,100 g,101 Cal
Meat,Chicken Breast Fillet,100 g,118 Cal
Meat,"Chicken Breast, fried",100 g,105 Cal
Meat,"Chicken Breast, grilled",100 g,107 Cal
Meat,Chicken Drumstick,100 g,149 Cal
Meat,Chicken Liver,100 g,136 Cal
Meat,Chicken Thigh,100 g,173 Cal
Meat,"Chicken Thigh, cooked",100 g,141 Cal
Meat,"Chicken Thigh, grilled, roasted",100 g,164 Cal
Meat,Chicken Wings,100 g,191 Cal
Meat,Corned Beef,100 g,141 Cal
Meat,Cubed Steak,100 g,196 Cal
Meat,Duck,100 g,227 Cal
Meat,Duck Breast,100 g,209 Cal
Meat,Duck Liver,100 g,130 Cal
Meat,Filet Mignon,100 g,98 Cal
Meat,Flank Steak,100 g,165 Cal
Meat,Goose,100 g,342 Cal
Meat,Ground Beef,100 g,208 Cal
Meat,Hot Wings,100 g,252 Cal
Meat,Lamb,100 g,117 Cal
Meat,Lamb Chops,100 g,298 Cal
Meat,Meatball,100 g,214 Cal
Meat,Moose,100 g,102 Cal
Meat,Mutton,100 g,183 Cal
Meat,New York Strip Steak,100 g,205 Cal
Meat,Peking Duck,100 g,98 Cal
Meat,Philly Cheese Steak,100 g,212 Cal
Meat,Pigeon,100 g,294 Cal
Meat,Pork,100 g,279 Cal
Meat,Pork Belly,100 g,197 Cal
Meat,Pork Chop,100 g,133 Cal
Meat,Pork Liver,100 g,129 Cal
Meat,Pork Loin,100 g,106 Cal
Meat,Pork Roast,100 g,296 Cal
Meat,Pork Shoulder,100 g,219 Cal
Meat,Pork Skin,100 g,621 Cal
Meat,Pork Steak,100 g,106 Cal
Meat,Rabbit,100 g,152 Cal
Meat,Racoon,100 g,255 Cal
Meat,Rhea,100 g,174 Cal
Meat,Rib Eye Steak,100 g,241 Cal
Meat,Roast Beef,100 g,130 Cal
Meat,Rotisserie Chicken,100 g,188 Cal
Meat,Round Steak,100 g,161 Cal
Meat,Rump Steak,100 g,214 Cal
Meat,Sausage Patty,100 g,288 Cal
Meat,Sirloin Steak,100 g,182 Cal
Meat,Skirt Steak,100 g,121 Cal
Meat,Spam,100 g,476 Cal
Meat,"Spare Ribs, Pork Ribs",100 g,320 Cal
Meat,Squirrel,100 g,120 Cal
Meat,Steak Sandwich,100 g,326 Cal
Meat,Turkey,100 g,157 Cal
Meat,Venison,100 g,108 Cal
Fruit,Acai Berry,100 g,59 Cal
Fruit,Ackee,100 g,224 Cal
Fruit,Apple,100 g,64 Cal
Fruit,Apricot,100 g,45 Cal
Fruit,"Apricot, dried",100 g,269 Cal
Fruit,Asian Pear,100 g,42 Cal
Fruit,"Avocado, Hass Avocado",100 g,161 Cal
Fruit,Banana,100 g,92 Cal
Fruit,"Banana, small",100 g,89 Cal
Fruit,"Bartlett Pear, Williams Pear",100 g,55 Cal
Fruit,Blackberries,100 g,43 Cal
Fruit,Blood Orange,100 g,43 Cal
Fruit,Blueberries,100 g,46 Cal
Fruit,Breadfruit,100 g,103 Cal
Fruit,Cactus Pear,100 g,46 Cal
Fruit,Cantaloupe,100 g,56 Cal
Fruit,Carob,100 g,188 Cal
Fruit,Chayote,100 g,19 Cal
Fruit,Cherries,100 g,64 Cal
Fruit,Clementine,100 g,49 Cal
Fruit,Coconut,100 g,384 Cal
Fruit,Concord Grape,100 g,86 Cal
Fruit,Cranberries,100 g,76 Cal
Fruit,"Cranberries, dried",100 g,315 Cal
Fruit,Currant,100 g,40 Cal
Fruit,Dates,100 g,294 Cal
Fruit,"Dates, Medjool Dates",100 g,277 Cal
Fruit,Dragon Fruit,100 g,60 Cal
Fruit,Dried Fruit Mix,100 g,258 Cal
Fruit,Durian,100 g,151 Cal
Fruit,Elderberries,100 g,348 Cal
Fruit,Fig,100 g,66 Cal
Fruit,"Fig, dried",100 g,270 Cal
Fruit,"Fruit Salad, Mixed Fruit",100 g,63 Cal
Fruit,Goji Berry,100 g,325 Cal
Fruit,Gooseberries,100 g,43 Cal
Fruit,Grapefruit,100 g,47 Cal
Fruit,Grapes,100 g,72 Cal
Fruit,Guava,100 g,44 Cal
Fruit,Huckleberry,100 g,429 Cal
Fruit,Jackfruit,100 g,80 Cal
Fruit,Jujube,100 g,115 Cal
Fruit,Kiwi,100 g,61 Cal
Fruit,Kumquat,100 g,75 Cal
Fruit,Lemon,100 g,38 Cal
Fruit,Lime,100 g,48 Cal
Fruit,Longan,100 g,74 Cal
Fruit,Lychee,100 g,78 Cal
Fruit,Mandarin Orange,100 g,53 Cal
Fruit,Mango,100 g,61 Cal
Fruit,Mangosteen,100 g,76 Cal
Fruit,Maraschino Cherries,100 g,35 Cal
Fruit,"Melon, Galia Melon",100 g,56 Cal
Fruit,"Melon, Honeydew Melon",100 g,56 Cal
Fruit,"Melon, Musk melon",100 g,56 Cal
Fruit,"Melon, Water Melon",100 g,38 Cal
Fruit,"Melon, Winter Melon",100 g,30 Cal
Fruit,"Melon, Yellow Melon",100 g,30 Cal
Fruit,"Mixed Berries, frozen",100 g,67 Cal
Fruit,Mulberries,100 g,47 Cal
Fruit,Nectarine,100 g,59 Cal
Fruit,Nopal,100 g,321 Cal
Fruit,"Olive, black",100 g,320 Cal
Fruit,"Olive, green",100 g,141 Cal
Fruit,Orange,100 g,47 Cal
Fruit,Papaya,100 g,35 Cal
Fruit,Passion Fruit,100 g,66 Cal
Fruit,Pawpaw,100 g,80 Cal
Fruit,Peach,100 g,44 Cal
Fruit,Pear,100 g,57 Cal
Fruit,"Persimmon, Khaki",100 g,75 Cal
Fruit,Pineapple,100 g,58 Cal
Fruit,Pink Grapefruit,100 g,47 Cal
Fruit,Plantain,100 g,125 Cal
Fruit,"Plantain, fried",100 g,309 Cal
Fruit,Plum,100 g,48 Cal
Fruit,Poha,100 g,379 Cal
Fruit,Pomegranate,100 g,79 Cal
Fruit,Pomelo,100 g,47 Cal
Fruit,Prickly Pear,100 g,31 Cal
Fruit,Prunes,100 g,48 Cal
Fruit,"Prunes, dried",100 g,250 Cal
Fruit,Quince,100 g,50 Cal
Fruit,Raisin,100 g,310 Cal
Fruit,Rambutan,100 g,69 Cal
Fruit,Raspberries,100 g,43 Cal
Fruit,Rhubarb,100 g,20 Cal
Fruit,Rose Hips,100 g,162 Cal
Fruit,Satsuma,100 g,47 Cal
Fruit,Sour Cherries,100 g,54 Cal
Fruit,Soursop,100 g,33 Cal
Fruit,Star Fruit,100 g,30 Cal
Fruit,Strawberries,100 g,36 Cal
Fruit,Tamarind,100 g,290 Cal
Fruit,Tangelo,100 g,53 Cal
Fruit,Tomatillo,100 g,32 Cal
Pizza,BBQ Chicken Pizza,100 g,237 Cal
Pizza,Bianca Pizza,100 g,220 Cal
Pizza,Buffalo Chicken Pizza,100 g,211 Cal
Pizza,Calzone,100 g,227 Cal
Pizza,Capricciosa Pizza,100 g,169 Cal
Pizza,Cheese Pizza,100 g,303 Cal
Pizza,Chicken Pizza,100 g,243 Cal
Pizza,Deep Dish Pizza,100 g,265 Cal
Pizza,"Four Cheese Pizza, Quattro Formaggi",100 g,297 Cal
Pizza,Hawaiian Pizza,100 g,196 Cal
Pizza,Margherita Pizza,100 g,240 Cal
Pizza,Mozzarella Pizza,100 g,222 Cal
Pizza,Mushroom Pizza,100 g,201 Cal
Pizza,Napoli Pizza,100 g,234 Cal
Pizza,New York Style Pizza,100 g,237 Cal
Pizza,Pepperoni Pizza,100 g,239 Cal
Pizza,Pizza Dough,100 g,307 Cal
Pizza,"Pizza, homemade",100 g,274 Cal
Pizza,Salami Pizza,100 g,239 Cal
Pizza,Sausage Pizza,100 g,188 Cal
Pizza,Seafood Pizza,100 g,189 Cal
Pizza,Sicilian Pizza,100 g,183 Cal
Pizza,Spinach Pizza,100 g,183 Cal
Pizza,Stuffed Crust Pizza,100 g,274 Cal
Pizza,Supreme Pizza (Pizza Hut),100 g,243 Cal
Pizza,Thin Crust Pizza,100 g,273 Cal
Pizza,Tuna Pizza,100 g,227 Cal
Pizza,"Vegetable Pizza, Veggie Pizza, Vegetarian Pizza",100 g,154 Cal
Pizza,White Pizza,100 g,306 Cal
Vegetables & Legumes,Arrowroot,100 g,65 Cal
Vegetables & Legumes,Artichoke,100 g,44 Cal
Vegetables & Legumes,Asparagus,100 g,21 Cal
Vegetables & Legumes,"Asparagus, cooked",100 g,16 Cal
Vegetables & Legumes,Azuki Beans,100 g,361 Cal
Vegetables & Legumes,Baked Beans,100 g,105 Cal
Vegetables & Legumes,Bamboo Shoot,100 g,23 Cal
Vegetables & Legumes,Banana Pepper,100 g,27 Cal
Vegetables & Legumes,Bean Sprouts,100 g,47 Cal
Vegetables & Legumes,"Beetroot, Beets",100 g,46 Cal
Vegetables & Legumes,Bell Pepper,100 g,23 Cal
Vegetables & Legumes,Black Beans,100 g,373 Cal
Vegetables & Legumes,"Black Beans, cooked",100 g,89 Cal
Vegetables & Legumes,Black Chana,100 g,378 Cal
Vegetables & Legumes,Black Chickpeas,100 g,348 Cal
Vegetables & Legumes,Black Eyed Peas,100 g,314 Cal
Vegetables & Legumes,Bok Choy,100 g,17 Cal
Vegetables & Legumes,Broccoli,100 g,34 Cal
Vegetables & Legumes,"Broccoli, cooked",100 g,27 Cal
Vegetables & Legumes,"Broccoli, steamed",100 g,31 Cal
Vegetables & Legumes,Brown Lentil,100 g,116 Cal
Vegetables & Legumes,Brussels Sprouts,100 g,44 Cal
Vegetables & Legumes,Butternut Squash,100 g,46 Cal
Vegetables & Legumes,Cabbage,100 g,30 Cal
Vegetables & Legumes,"Cabbage, cooked",100 g,12 Cal
Vegetables & Legumes,Capsicum,100 g,40 Cal
Vegetables & Legumes,Carrot,100 g,39 Cal
Vegetables & Legumes,"Carrot, cooked",100 g,23 Cal
Vegetables & Legumes,"Carrot, roasted",100 g,40 Cal
Vegetables & Legumes,Cauliflower Rice,100 g,24 Cal
Vegetables & Legumes,Cauliflower,100 g,28 Cal
Vegetables & Legumes,Celeriac,100 g,27 Cal
Vegetables & Legumes,Celery,100 g,22 Cal
Vegetables & Legumes,Cherry Tomatoes,100 g,20 Cal
Vegetables & Legumes,Chickpeas,100 g,151 Cal
Vegetables & Legumes,"Chickpeas, canned",100 g,135 Cal
Vegetables & Legumes,Collard Greens,100 g,32 Cal
Vegetables & Legumes,"Corn, canned",100 g,81 Cal
Vegetables & Legumes,"Corn, on the Cob",100 g,45 Cal
Vegetables & Legumes,"Courgette, Zucchini",100 g,23 Cal
Vegetables & Legumes,Creamed Spinach,100 g,62 Cal
Vegetables & Legumes,Cucumber,100 g,14 Cal
Vegetables & Legumes,Daikon,100 g,38 Cal
Vegetables & Legumes,Dandelion,100 g,47 Cal
Vegetables & Legumes,Dill Pickles,100 g,12 Cal
Vegetables & Legumes,Dock,100 g,22 Cal
Vegetables & Legumes,Dried Tomatoes,100 g,78 Cal
Vegetables & Legumes,"Eggplant, Aubergine",100 g,20 Cal
Vegetables & Legumes,Fava Beans,100 g,89 Cal
Vegetables & Legumes,Fennel,100 g,23 Cal
Vegetables & Legumes,Fiddlehead,100 g,34 Cal
Vegetables & Legumes,Garbanzo,100 g,478 Cal
Vegetables & Legumes,Garlic,100 g,143 Cal
Vegetables & Legumes,Grape Leaves,100 g,93 Cal
Vegetables & Legumes,Grape Tomato,100 g,31 Cal
Vegetables & Legumes,Green Beans,100 g,39 Cal
Vegetables & Legumes,Green Lentils,100 g,352 Cal
Vegetables & Legumes,Green Onion,100 g,32 Cal
Vegetables & Legumes,Green Peas,100 g,91 Cal
Vegetables & Legumes,Heart of Palm,100 g,44 Cal
Vegetables & Legumes,Horse Gram,100 g,89 Cal
Vegetables & Legumes,Horseradish,100 g,78 Cal
Vegetables & Legumes,Jalapeno,100 g,29 Cal
Vegetables & Legumes,Japanese Sweet Potato,100 g,88 Cal
Vegetables & Legumes,Jerusalem Artichoke,100 g,73 Cal
Vegetables & Legumes,Jícama,100 g,38 Cal
Vegetables & Legumes,Kale,100 g,45 Cal
Vegetables & Legumes,Kelp,100 g,43 Cal
Vegetables & Legumes,Kidney Beans,100 g,298 Cal
Vegetables & Legumes,Kimchi,100 g,15 Cal
Vegetables & Legumes,Leek,100 g,31 Cal
Vegetables & Legumes,Lentils,100 g,331 Cal
Vegetables & Legumes,"Lentils, cooked",100 g,87 Cal
Vegetables & Legumes,Lima Beans,100 g,70 Cal
Vegetables & Legumes,Lotus Root,100 g,74 Cal
Vegetables & Legumes,Masoor Dal,100 g,129 Cal
Vegetables & Legumes,Moong Dal,100 g,313 Cal
Vegetables & Legumes,Mung Beans,100 g,313 Cal
Vegetables & Legumes,Mustard Greens,100 g,500 Cal
Vegetables & Legumes,Napa Cabbage,100 g,36 Cal
Vegetables & Legumes,Natto,100 g,207 Cal
Vegetables & Legumes,Navy Beans,100 g,337 Cal
Vegetables & Legumes,Okra,100 g,147 Cal
Vegetables & Legumes,Onion,100 g,30 Cal
Vegetables & Legumes,"Onion, cooked",100 g,30 Cal
Vegetables & Legumes,Parsnip,100 g,64 Cal
Vegetables & Legumes,"Peanuts, roasted",100 g,599 Cal
Vegetables & Legumes,Peas,100 g,91 Cal
Vegetables & Legumes,Pickle,100 g,28 Cal
Vegetables & Legumes,Pinto Beans,100 g,347 Cal
Vegetables & Legumes,"Pinto Beans, cooked",100 g,143 Cal
Vegetables & Legumes,Pumpkin,100 g,29 Cal
Vegetables & Legumes,"Pumpkin, canned",100 g,34 Cal
Vegetables & Legumes,Radicchio,100 g,17 Cal
Vegetables & Legumes,Radish,100 g,17 Cal
Vegetables & Legumes,Rapa Cabbage,100 g,28 Cal
Vegetables & Legumes,Red Beans,100 g,53 Cal
Vegetables & Legumes,Red Cabbage,100 g,27 Cal
Vegetables & Legumes,Red Lentils,100 g,367 Cal
Vegetables & Legumes,Red Onion,100 g,30 Cal
Vegetables & Legumes,Refried Beans,100 g,83 Cal
Vegetables & Legumes,Roma Tomato,100 g,20 Cal
Vegetables & Legumes,Runner Beans,100 g,39 Cal
Vegetables & Legumes,Rutabaga,100 g,36 Cal
Vegetables & Legumes,Shallot,100 g,25 Cal
Vegetables & Legumes,Soybean,100 g,149 Cal
Vegetables & Legumes,Spaghetti Squash,100 g,27 Cal
Vegetables & Legumes,Spinach,100 g,22 Cal
Vegetables & Legumes,"Spinach, cooked",100 g,19 Cal
Vegetables & Legumes,Spirulina,100 g,26 Cal
Vegetables & Legumes,String Beans,100 g,39 Cal
Vegetables & Legumes,Swede,100 g,36 Cal
Vegetables & Legumes,Sweet Onion,100 g,446 Cal
Vegetables & Legumes,Sweet Potato,100 g,116 Cal
Vegetables & Legumes,"Sweet Potato, baked",100 g,100 Cal
Vegetables & Legumes,"Sweet Potato, boiled",100 g,124 Cal
Vegetables & Legumes,Sweetcorn,100 g,94 Cal
Vegetables & Legumes,Swiss chard,100 g,21 Cal
Vegetables & Legumes,Taro,100 g,108 Cal
Vegetables & Legumes,Tomato,100 g,20 Cal
Vegetables & Legumes,Turnip,100 g,39 Cal
Vegetables & Legumes,Turnip Greens,100 g,32 Cal
Vegetables & Legumes,Vegetable Stock,100 g,24 Cal
Vegetables & Legumes,White Beans,100 g,120 Cal
Vegetables & Legumes,Yellow Bell Pepper,100 g,37 Cal
Vegetables & Legumes,Yellow Lentils,100 g,354 Cal
Vegetables & Legumes,Yucca,100 g,141 Cal
Vegetables & Legumes,Yukon Gold Potatoes,100 g,196 Cal
Beef & Veal,Beef,100 g,156 Cal
Beef & Veal,Beef Bologna,100 g,299 Cal
Beef & Veal,Beef Brisket,100 g,264 Cal
Beef & Veal,Beef Empanada,100 g,333 Cal
Beef & Veal,"Beef Fillet, Beef Tenderloin",100 g,121 Cal
Beef & Veal,Beef Heart,100 g,105 Cal
Beef & Veal,Beef Kidney,100 g,48 Cal
Beef & Veal,Beef Liver,100 g,131 Cal
Beef & Veal,Beef Noodle Soup,100 g,70 Cal
Beef & Veal,Beef Patty,100 g,295 Cal
Beef & Veal,Beef Ribs,100 g,167 Cal
Beef & Veal,Beef Roast,100 g,216 Cal
Beef & Veal,Beef Sirloin,100 g,360 Cal
Beef & Veal,Beef Stew,100 g,251 Cal
Beef & Veal,Beef Stick,100 g,583 Cal
Beef & Veal,Beef Tallow,100 g,902 Cal
Beef & Veal,Beef Tongue,100 g,221 Cal
Beef & Veal,Beef Tripe,100 g,85 Cal
Beef & Veal,Calf Liver,100 g,113 Cal
Beef & Veal,Chuck Steak,100 g,227 Cal
Beef & Veal,Corned Beef,100 g,141 Cal
Beef & Veal,Corned Beef Hash,100 g,164 Cal
Beef & Veal,Cubed Steak,100 g,196 Cal
Beef & Veal,Filet Mignon,100 g,98 Cal
Beef & Veal,Flank Steak,100 g,165 Cal
Beef & Veal,Flat Iron Steak,100 g,182 Cal
Beef & Veal,Ground Beef,100 g,208 Cal
Beef & Veal,"Ground Beef, 85% lean",100 g,215 Cal
Beef & Veal,"Ground Beef, 90% lean",100 g,176 Cal
Beef & Veal,Ground Chuck,100 g,250 Cal
Beef & Veal,Ground Round,100 g,125 Cal
Beef & Veal,"Jerky, Beef Jerky",100 g,457 Cal
Beef & Veal,New York Strip Steak,100 g,205 Cal
Beef & Veal,Philly Cheese Steak,100 g,212 Cal
Beef & Veal,Porterhouse Steak,100 g,139 Cal
Beef & Veal,Roast Beef,100 g,130 Cal
Beef & Veal,Round Steak,100 g,161 Cal
Beef & Veal,Rump Steak,100 g,214 Cal
Beef & Veal,Schnitzel,100 g,121 Cal
Beef & Veal,Sirloin Steak,100 g,182 Cal
Beef & Veal,Skirt Steak,100 g,121 Cal
Beef & Veal,Strip Steak,100 g,117 Cal
Beef & Veal,Tongue,100 g,282 Cal
Beef & Veal,Veal Meat,100 g,125 Cal
"Bread, Bread Rolls & Pastries",Arepa,100 g,267 Cal
"Bread, Bread Rolls & Pastries","Bagel, Cinnamon Raisin Bagel",100 g,274 Cal
"Bread, Bread Rolls & Pastries","Bagel, Egg Bagel",100 g,278 Cal
"Bread, Bread Rolls & Pastries","Bagel, Everything Bagel",100 g,345 Cal
"Bread, Bread Rolls & Pastries","Bagel, Plain Bagel",100 g,275 Cal
"Bread, Bread Rolls & Pastries","Bagel, Sesame",100 g,260 Cal
"Bread, Bread Rolls & Pastries","Baguette, French Bread",100 g,287 Cal
"Bread, Bread Rolls & Pastries",Banana Bread,100 g,270 Cal
"Bread, Bread Rolls & Pastries",Banana Nut Bread,100 g,364 Cal
"Bread, Bread Rolls & Pastries",Beer Bread,100 g,346 Cal
"Bread, Bread Rolls & Pastries","Biscuit, plain or buttermilk",100 g,353 Cal
"Bread, Bread Rolls & Pastries",Bran Muffins,100 g,270 Cal
"Bread, Bread Rolls & Pastries",Bread Crumbs,100 g,364 Cal
"Bread, Bread Rolls & Pastries",Bread Roll,100 g,279 Cal
"Bread, Bread Rolls & Pastries",Breadsticks,100 g,276 Cal
"Bread, Bread Rolls & Pastries",Breakfast Biscuits,100 g,426 Cal
"Bread, Bread Rolls & Pastries",Brioche,100 g,272 Cal
"Bread, Bread Rolls & Pastries",Brown Bread,100 g,274 Cal
"Bread, Bread Rolls & Pastries",Buttermilk Pancakes,100 g,227 Cal
"Bread, Bread Rolls & Pastries",Carb Balance Tortilla,100 g,286 Cal
"Bread, Bread Rolls & Pastries",Challah,100 g,287 Cal
"Bread, Bread Rolls & Pastries",Chapati,100 g,297 Cal
"Bread, Bread Rolls & Pastries",Cheese Bread,100 g,237 Cal
"Bread, Bread Rolls & Pastries",Cheese Puff,100 g,500 Cal
"Bread, Bread Rolls & Pastries",Chocolate Croissant,100 g,422 Cal
"Bread, Bread Rolls & Pastries",Chocolate Donut,100 g,437 Cal
"Bread, Bread Rolls & Pastries",Ciabatta Bread,100 g,278 Cal
"Bread, Bread Rolls & Pastries",Cinnamon Bun,100 g,462 Cal
"Bread, Bread Rolls & Pastries",Cream Puff,100 g,301 Cal
"Bread, Bread Rolls & Pastries","Croissant, Butter Croissant",100 g,516 Cal
"Bread, Bread Rolls & Pastries",Croutons,100 g,525 Cal
"Bread, Bread Rolls & Pastries",Dosa Bread,100 g,210 Cal
"Bread, Bread Rolls & Pastries",Eclair,100 g,457 Cal
"Bread, Bread Rolls & Pastries",Egg Bread,100 g,287 Cal
"Bread, Bread Rolls & Pastries",English Muffin,100 g,260 Cal
"Bread, Bread Rolls & Pastries","English Muffin, whole-wheat",100 g,203 Cal
"Bread, Bread Rolls & Pastries","English Muffin, with Butter",100 g,300 Cal
"Bread, Bread Rolls & Pastries",Fairy Cakes,100 g,440 Cal
"Bread, Bread Rolls & Pastries",Flatbread,100 g,246 Cal
"Bread, Bread Rolls & Pastries",Focaccia,100 g,296 Cal
"Bread, Bread Rolls & Pastries",French Cruller Donut,100 g,423 Cal
"Bread, Bread Rolls & Pastries","French Roll, Bun",100 g,277 Cal
"Bread, Bread Rolls & Pastries",Garlic Baguette,100 g,305 Cal
"Bread, Bread Rolls & Pastries",Ham Sandwich,100 g,255 Cal
"Bread, Bread Rolls & Pastries",Ham and Cheese Sandwich,100 g,212 Cal
"Bread, Bread Rolls & Pastries","Hamburger Bun, Burger Bun",100 g,293 Cal
"Bread, Bread Rolls & Pastries",Honey Wheat Bread,100 g,269 Cal
"Bread, Bread Rolls & Pastries","Hot Dog Bun, Hotdog Roll",100 g,469 Cal
"Bread, Bread Rolls & Pastries",Italian Bread,100 g,252 Cal
"Bread, Bread Rolls & Pastries",Monkey Bread,100 g,336 Cal
"Bread, Bread Rolls & Pastries",Multi Grain Bread,100 g,312 Cal
"Bread, Bread Rolls & Pastries",Naan,100 g,291 Cal
"Bread, Bread Rolls & Pastries",Paczki,100 g,389 Cal
"Bread, Bread Rolls & Pastries",Pain Au Chocolat,100 g,162 Cal
"Bread, Bread Rolls & Pastries","Paratha, Plain Paratha",100 g,326 Cal
"Bread, Bread Rolls & Pastries",Pita Bread,100 g,240 Cal
"Bread, Bread Rolls & Pastries",Pizza Rolls,100 g,201 Cal
"Bread, Bread Rolls & Pastries",Potato Bread,100 g,245 Cal
"Bread, Bread Rolls & Pastries",Pretzel Roll,100 g,260 Cal
"Bread, Bread Rolls & Pastries","Pretzel, Soft Pretzel",100 g,305 Cal
"Bread, Bread Rolls & Pastries",Protein Bread,100 g,242 Cal
"Bread, Bread Rolls & Pastries",Pulled Pork Sandwich,100 g,188 Cal
"Bread, Bread Rolls & Pastries",Pumpernickel Bread,100 g,210 Cal
"Bread, Bread Rolls & Pastries",Pumpkin Bread,100 g,302 Cal
"Bread, Bread Rolls & Pastries",Puri,100 g,172 Cal
"Bread, Bread Rolls & Pastries",Raisin Bread,100 g,270 Cal
"Bread, Bread Rolls & Pastries","Roll, Bread Roll, Dinner Roll",100 g,282 Cal
"Bread, Bread Rolls & Pastries",Roti,100 g,297 Cal
"Bread, Bread Rolls & Pastries","Rusk, Zwieback",100 g,381 Cal
"Bread, Bread Rolls & Pastries",Rye Bread,100 g,276 Cal
"Bread, Bread Rolls & Pastries",Sandwich Bread,100 g,40 Cal
"Bread, Bread Rolls & Pastries",Scone,100 g,374 Cal
"Bread, Bread Rolls & Pastries",Shortcrust Pastry,100 g,435 Cal
"Bread, Bread Rolls & Pastries",Soda Bread,100 g,290 Cal
"Bread, Bread Rolls & Pastries",Sourdough Bread,100 g,233 Cal
"Bread, Bread Rolls & Pastries",Sweet Rolls,100 g,150 Cal
"Bread, Bread Rolls & Pastries","Toast, Butter Toast",100 g,264 Cal
"Bread, Bread Rolls & Pastries",Tortilla Wrap,100 g,299 Cal
"Bread, Bread Rolls & Pastries","Tortilla, Corn Tortilla",100 g,200 Cal
"Bread, Bread Rolls & Pastries",Wheat Bran Bread,100 g,335 Cal
"Bread, Bread Rolls & Pastries",Wheat Bread,100 g,246 Cal
"Bread, Bread Rolls & Pastries",Wheat Roti,100 g,299 Cal
"Bread, Bread Rolls & Pastries",White Bread,100 g,246 Cal
"Bread, Bread Rolls & Pastries",Whole Wheat Bread,100 g,216 Cal
"Bread, Bread Rolls & Pastries",Wholemeal Bread,100 g,212 Cal
"Bread, Bread Rolls & Pastries",Wholemeal Toast,100 g,210 Cal
"Bread, Bread Rolls & Pastries",Wonton Wrappers,100 g,291 Cal
"Bread, Bread Rolls & Pastries",Yorkshire Pudding,100 g,240 Cal
Cakes & Pies,Angel Food Cake,100 g,263 Cal
Cakes & Pies,Apple Cake,100 g,216 Cal
Cakes & Pies,Apple Crumble,100 g,316 Cal
Cakes & Pies,Apple Pie,100 g,265 Cal
Cakes & Pies,Apple Strudel,100 g,170 Cal
Cakes & Pies,Apple Turnover,100 g,233 Cal
Cakes & Pies,Bakewell Tart,100 g,414 Cal
Cakes & Pies,Banana Cream Pie,100 g,269 Cal
Cakes & Pies,Banoffee Pie,100 g,370 Cal
Cakes & Pies,Black Forest Cake,100 g,280 Cal
Cakes & Pies,Blueberry Muffin,100 g,304 Cal
Cakes & Pies,Blueberry Pie,100 g,232 Cal
Cakes & Pies,Brownie,100 g,507 Cal
Cakes & Pies,Bundt Cake,100 g,381 Cal
Cakes & Pies,Carrot Cake,100 g,415 Cal
Cakes & Pies,Cheesecake,100 g,327 Cal
Cakes & Pies,Cherry Pie,100 g,260 Cal
Cakes & Pies,Chocolate Cake,100 g,345 Cal
Cakes & Pies,Chocolate Mousse Cake,100 g,411 Cal
Cakes & Pies,Chocolate Muffin,100 g,297 Cal
Cakes & Pies,Coconut Cake,100 g,356 Cal
Cakes & Pies,Coffee Cake,100 g,372 Cal
Cakes & Pies,Corn Muffin,100 g,305 Cal
Cakes & Pies,Cupcake,100 g,308 Cal
Cakes & Pies,Danish Pastry,100 g,371 Cal
Cakes & Pies,Donut,100 g,396 Cal
Cakes & Pies,Dutch Apple Pie,100 g,442 Cal
Cakes & Pies,Egg Custard,100 g,410 Cal
Cakes & Pies,Flourless Chocolate Cake,100 g,343 Cal
Cakes & Pies,Fruit Cake,100 g,324 Cal
Cakes & Pies,Funnel Cake,100 g,349 Cal
Cakes & Pies,German Chocolate Cake,100 g,375 Cal
Cakes & Pies,Ham and Cheese Cake,100 g,270 Cal
Cakes & Pies,Ice Cream Cake,100 g,299 Cal
Cakes & Pies,Lemon Cake,100 g,384 Cal
Cakes & Pies,Lemon Meringue Pie,100 g,268 Cal
Cakes & Pies,Madeira Cake,100 g,286 Cal
Cakes & Pies,Marble Cake,100 g,409 Cal
Cakes & Pies,Muffin,100 g,222 Cal
Cakes & Pies,Peach Cobbler,100 g,201 Cal
Cakes & Pies,Peach Pie,100 g,224 Cal
Cakes & Pies,Pecan Pie,100 g,407 Cal
Cakes & Pies,Pie Crust,100 g,435 Cal
Cakes & Pies,Pineapple Upside Down Cake,100 g,319 Cal
Cakes & Pies,Pound Cake,100 g,400 Cal
Cakes & Pies,Pumpkin Pie,100 g,191 Cal
Cakes & Pies,Red Velvet Cake,100 g,355 Cal
Cakes & Pies,Rhubarb Pie,100 g,255 Cal
Cakes & Pies,Rum Cake,100 g,333 Cal
Cakes & Pies,Spanakopita,100 g,211 Cal
Cakes & Pies,Sponge Cake,100 g,320 Cal
Cakes & Pies,Sprinkles,100 g,473 Cal
Cakes & Pies,Strawberry Cheesecake,100 g,357 Cal
Cakes & Pies,Strawberry Pie,100 g,137 Cal
Cakes & Pies,Strawberry Rhubarb Pie,100 g,281 Cal
Cakes & Pies,Sweet Potato Pie,100 g,269 Cal
Cakes & Pies,Swiss Roll,100 g,399 Cal
Cakes & Pies,Tiramisu Cake,100 g,235 Cal
Cakes & Pies,Tres Leches Cake,100 g,267 Cal
Cakes & Pies,Victoria Sponge Cake,100 g,408 Cal
Cakes & Pies,White Cake,100 g,365 Cal
Cakes & Pies,Whoopie Pie,100 g,160 Cal
Cakes & Pies,Yellow Cake,100 g,361 Cal
Cakes & Pies,"Yellow Cake, with Chocolate Frosting",100 g,379 Cal
Fast Food & Burgers,BBQ Rib,100 g,302 Cal
Fast Food & Burgers,BLT Sandwich,100 g,205 Cal
Fast Food & Burgers,Baconator (Wendy's),100 g,445 Cal
Fast Food & Burgers,Bean Burrito,100 g,221 Cal
Fast Food & Burgers,Beef Empanada,100 g,333 Cal
Fast Food & Burgers,Big Mac (McDonald's),100 g,259 Cal
Fast Food & Burgers,Burger Patty,100 g,212 Cal
Fast Food & Burgers,Cheese Quesadilla,100 g,394 Cal
Fast Food & Burgers,Cheese Sandwich,100 g,285 Cal
Fast Food & Burgers,Cheeseburger,100 g,281 Cal
Fast Food & Burgers,Cheeseburger (McDonald's),100 g,254 Cal
Fast Food & Burgers,Chicken McNuggets (McDonald's),100 g,252 Cal
Fast Food & Burgers,Chicken Nuggets,100 g,252 Cal
Fast Food & Burgers,Chicken Nuggets (McDonald's),100 g,252 Cal
Fast Food & Burgers,Chicken Sandwich,100 g,249 Cal
Fast Food & Burgers,Chicken Tenders,100 g,271 Cal
Fast Food & Burgers,Chicken Wings,100 g,191 Cal
Fast Food & Burgers,Chimichanga,100 g,246 Cal
Fast Food & Burgers,Chinese Egg Roll,100 g,269 Cal
Fast Food & Burgers,Corn Dog,100 g,250 Cal
Fast Food & Burgers,Crispy Chicken Sandwich,100 g,276 Cal
Fast Food & Burgers,Double Cheeseburger,100 g,269 Cal
Fast Food & Burgers,Double Cheeseburger (McDonald's),100 g,282 Cal
Fast Food & Burgers,Double Whopper (Burger King),100 g,252 Cal
Fast Food & Burgers,"Double Whopper, with cheese (Burger King)",100 g,266 Cal
Fast Food & Burgers,Egg McMuffin (McDonald's),100 g,256 Cal
Fast Food & Burgers,Egg Roll,100 g,307 Cal
Fast Food & Burgers,Egg Sandwich,100 g,298 Cal
Fast Food & Burgers,Filet o Fish (McDonald's),100 g,282 Cal
Fast Food & Burgers,Fish Sandwich,100 g,194 Cal
Fast Food & Burgers,French Fries,100 g,312 Cal
Fast Food & Burgers,"French Fries, large",100 g,289 Cal
Fast Food & Burgers,French Toast Sticks,100 g,340 Cal
Fast Food & Burgers,Grilled Chicken Sandwich,100 g,182 Cal
Fast Food & Burgers,Hamburger,100 g,297 Cal
Fast Food & Burgers,Hot Dog,100 g,235 Cal
Fast Food & Burgers,"Hot Dog Bun, Hotdog Roll",100 g,469 Cal
Fast Food & Burgers,Hot Dog with Chili,100 g,260 Cal
Fast Food & Burgers,Hot Wings,100 g,252 Cal
Fast Food & Burgers,Hushpuppies,100 g,245 Cal
Fast Food & Burgers,Instant Ramen,100 g,67 Cal
Fast Food & Burgers,Italian BMT (Subway),100 g,540 Cal
Fast Food & Burgers,Jr Bacon Cheeseburger (Wendy's),100 g,271 Cal
Fast Food & Burgers,Jr Cheeseburger (Wendy's),100 g,208 Cal
Fast Food & Burgers,Kebab,100 g,158 Cal
Fast Food & Burgers,McChicken (McDonald's),100 g,230 Cal
Fast Food & Burgers,McDouble (McDonald's),100 g,282 Cal
Fast Food & Burgers,McRib (McDonald's),100 g,226 Cal
Fast Food & Burgers,Nachos Supreme,100 g,367 Cal
Fast Food & Burgers,Onion Rings,100 g,252 Cal
Fast Food & Burgers,Original Chicken Sandwich (Burger King),100 g,286 Cal
Fast Food & Burgers,Peanut Butter Sandwich,100 g,384 Cal
Fast Food & Burgers,Poutine,100 g,288 Cal
Fast Food & Burgers,Quarter Pounder (McDonald's),100 g,256 Cal
Fast Food & Burgers,Quarter Pounder with Cheese (McDonald's),100 g,258 Cal
Fast Food & Burgers,Reuben Sandwich (Arby's),100 g,282 Cal
Fast Food & Burgers,Roast Beef Sandwich,100 g,192 Cal
Fast Food & Burgers,Sausage Biscuit,100 g,350 Cal
Fast Food & Burgers,Sausage Burrito,100 g,277 Cal
Fast Food & Burgers,Sausage McGriddles (McDonald's),100 g,312 Cal
Fast Food & Burgers,Sausage McMuffin (McDonald's),100 g,333 Cal
Fast Food & Burgers,Sloppy Joe,100 g,321 Cal
Fast Food & Burgers,Spring Roll,100 g,212 Cal
Fast Food & Burgers,Taco Salad,100 g,500 Cal
Fast Food & Burgers,Vegan Hot Dogs,100 g,204 Cal
Fast Food & Burgers,Veggie Burger,100 g,204 Cal
Fast Food & Burgers,Whopper (Burger King),100 g,233 Cal
Fast Food & Burgers,"Whopper, with cheese (Burger King)",100 g,250 Cal
Fast Food & Burgers,Zinger Burger (KFC),100 g,244 Cal
Fish & Seafood,Abalone,100 g,209 Cal
Fish & Seafood,Anchovis,100 g,101 Cal
Fish & Seafood,Bass,100 g,98 Cal
Fish & Seafood,Bluefish,100 g,124 Cal
Fish & Seafood,Butterfish,100 g,114 Cal
Fish & Seafood,Calamari,100 g,81 Cal
Fish & Seafood,Carp,100 g,134 Cal
Fish & Seafood,"Catfish, fried",100 g,184 Cal
Fish & Seafood,Caviar,100 g,260 Cal
Fish & Seafood,Clam,100 g,86 Cal
Fish & Seafood,Cod,100 g,77 Cal
Fish & Seafood,"Crawfish, Crayfish",100 g,81 Cal
Fish & Seafood,Eel,100 g,281 Cal
Fish & Seafood,"Fish Fingers, Fish sticks",100 g,256 Cal
Fish & Seafood,Flounder,100 g,72 Cal
Fish & Seafood,Grouper,100 g,98 Cal
Fish & Seafood,Haddock,100 g,77 Cal
Fish & Seafood,Hake,100 g,94 Cal
Fish & Seafood,Halibut,100 g,95 Cal
Fish & Seafood,Herring,100 g,233 Cal
Fish & Seafood,Kipper,100 g,164 Cal
Fish & Seafood,Lobster,100 g,83 Cal
Fish & Seafood,Mackerel,100 g,182 Cal
Fish & Seafood,Milkfish,100 g,148 Cal
Fish & Seafood,Mussel,100 g,69 Cal
Fish & Seafood,Octopus,100 g,81 Cal
Fish & Seafood,Oyster,100 g,66 Cal
Fish & Seafood,Pickerel,100 g,156 Cal
Fish & Seafood,Pike,100 g,111 Cal
Fish & Seafood,Red Snapper,100 g,128 Cal
Fish & Seafood,Redfish,100 g,224 Cal
Fish & Seafood,Salmon,100 g,180 Cal
Fish & Seafood,Salmon Sashimi,100 g,180 Cal
Fish & Seafood,"Salmon, baked",100 g,112 Cal
Fish & Seafood,"Salmon, cooked",100 g,185 Cal
Fish & Seafood,"Salmon, smoked",100 g,190 Cal
Fish & Seafood,Sardines,100 g,118 Cal
Fish & Seafood,Scallop,100 g,73 Cal
Fish & Seafood,Scampi,100 g,192 Cal
Fish & Seafood,Sea Bass,100 g,105 Cal
Fish & Seafood,Shrimp,100 g,91 Cal
Fish & Seafood,"Shrimp, cooked",100 g,99 Cal
Fish & Seafood,"Shrimp, fried",100 g,105 Cal
Fish & Seafood,"Shrimp, grilled",100 g,105 Cal
Fish & Seafood,Smelt,100 g,97 Cal
Fish & Seafood,"Sole, Flatfish",100 g,82 Cal
Fish & Seafood,Squid,100 g,81 Cal
Fish & Seafood,Surimi,100 g,114 Cal
Fish & Seafood,Swordfish,100 g,117 Cal
Fish & Seafood,"Tilapia, cooked",100 g,128 Cal
Fish & Seafood,Trout,100 g,103 Cal
Fish & Seafood,Tuna,100 g,126 Cal
Fish & Seafood,"Tuna, canned",100 g,98 Cal
Fish & Seafood,"Tuna, canned in oil",100 g,353 Cal
Fish & Seafood,Turbot,100 g,82 Cal
Fish & Seafood,White Fish,100 g,92 Cal
Fish & Seafood,Whiting,100 g,74 Cal
Milk & Dairy Products,Actimel (Danone),100 g,73 Cal
Milk & Dairy Products,Almond Milk,100 ml,22 Cal
Milk & Dairy Products,Butter,100 g,754 Cal
Milk & Dairy Products,Buttermilk,100 ml,37 Cal
Milk & Dairy Products,Chocolate Milk,100 ml,132 Cal
Milk & Dairy Products,Coconut Milk,100 ml,230 Cal
Milk & Dairy Products,Coffee Creamer,100 ml,206 Cal
Milk & Dairy Products,Condensed Milk,100 ml,132 Cal
Milk & Dairy Products,"Condensed Milk, sweetened",100 ml,321 Cal
Milk & Dairy Products,Cream,100 g,308 Cal
Milk & Dairy Products,Creme Fraiche,100 g,281 Cal
Milk & Dairy Products,Goat Milk,100 ml,67 Cal
Milk & Dairy Products,Greek Yogurt,100 g,116 Cal
Milk & Dairy Products,Half and Half Cream,100 g,131 Cal
Milk & Dairy Products,"Heavy Cream, Heavy Whipping Cream",100 g,343 Cal
Milk & Dairy Products,Hot Chocolate,100 ml,132 Cal
Milk & Dairy Products,Kefir,100 ml,65 Cal
Milk & Dairy Products,Lactose Free Milk,100 ml,39 Cal
Milk & Dairy Products,Lassi,100 ml,65 Cal
Milk & Dairy Products,Malted Milk,100 ml,58 Cal
Milk & Dairy Products,Mango Lassi,100 g,82 Cal
Milk & Dairy Products,Mascarpone,100 g,393 Cal
Milk & Dairy Products,"Milk, 1.5% fat, low-fat",100 ml,48 Cal
Milk & Dairy Products,"Milk, 2% fat, low fat",100 ml,50 Cal
Milk & Dairy Products,"Milk, Whole Milk, Full Fat Milk",100 ml,65 Cal
Milk & Dairy Products,"Milk, fat free",100 ml,34 Cal
Milk & Dairy Products,"Milkshake, Strawberry",100 g,165 Cal
Milk & Dairy Products,"Milkshake, Vanilla",100 g,78 Cal
Milk & Dairy Products,"Natural Yoghurt, plain",100 g,69 Cal
Milk & Dairy Products,"Powdered Milk, Milk Powder",100 g,482 Cal
Milk & Dairy Products,Rice Milk,100 ml,53 Cal
Milk & Dairy Products,Semi Skimmed Milk,100 ml,47 Cal
Milk & Dairy Products,Sheep Milk,100 ml,94 Cal
Milk & Dairy Products,Skim Milk,100 ml,35 Cal
Milk & Dairy Products,Soy Milk,100 ml,36 Cal
Milk & Dairy Products,"Whipped Cream, Whipping Cream",100 ml,308 Cal
Milk & Dairy Products,Yakult,100 ml,67 Cal
Milk & Dairy Products,"Yougurt, plain",100 g,69 Cal
Nuts & Seeds,Acorn,100 g,387 Cal
Nuts & Seeds,Almond,100 g,619 Cal
Nuts & Seeds,Almond Butter,100 g,652 Cal
Nuts & Seeds,Beechnut,100 g,576 Cal
Nuts & Seeds,Black Sesame,100 g,614 Cal
Nuts & Seeds,Brazil Nut,100 g,707 Cal
Nuts & Seeds,Buckwheat Groats,100 g,333 Cal
Nuts & Seeds,Cashew,100 g,603 Cal
Nuts & Seeds,Cashew Butter,100 g,624 Cal
Nuts & Seeds,Chestnut,100 g,210 Cal
Nuts & Seeds,Chia Seeds,100 g,455 Cal
Nuts & Seeds,Coconut Meat,100 g,354 Cal
Nuts & Seeds,Coriander Seeds,100 g,298 Cal
Nuts & Seeds,Cotton Seeds,100 g,506 Cal
Nuts & Seeds,Fennel Seeds,100 g,376 Cal
Nuts & Seeds,Fenugreek Seeds,100 g,327 Cal
Nuts & Seeds,Flax Seeds,100 g,494 Cal
Nuts & Seeds,Ginkgo Nut,100 g,182 Cal
Nuts & Seeds,Hazelnut,100 g,674 Cal
Nuts & Seeds,Hickory Nut,100 g,349 Cal
Nuts & Seeds,Lotus Seeds,100 g,89 Cal
Nuts & Seeds,Macadamia Nut,100 g,731 Cal
Nuts & Seeds,Mixed Nuts,100 g,507 Cal
Nuts & Seeds,Moringa,100 g,551 Cal
Nuts & Seeds,Peanut,100 g,605 Cal
Nuts & Seeds,Peanut Butter,100 g,600 Cal
Nuts & Seeds,Pecan Nut,100 g,729 Cal
Nuts & Seeds,Pili Nut,100 g,393 Cal
Nuts & Seeds,Pine Nut,100 g,596 Cal
Nuts & Seeds,Pistachios,100 g,615 Cal
Nuts & Seeds,Poppy Seeds,100 g,533 Cal
Nuts & Seeds,Pumpkin Seeds,100 g,587 Cal
Nuts & Seeds,Sesame Seeds,100 g,600 Cal
Nuts & Seeds,Soy Nut,100 g,269 Cal
Nuts & Seeds,Spanish Peanut,100 g,570 Cal
Nuts & Seeds,Sunbutter,100 g,617 Cal
Nuts & Seeds,Sunflower Seeds,100 g,594 Cal
Nuts & Seeds,Tigernut,100 g,500 Cal
Nuts & Seeds,Trail Mix,100 g,521 Cal
Nuts & Seeds,Walnut,100 g,733 Cal
Nuts & Seeds,Water Chestnut,100 g,64 Cal
Pasta & Noodles,Capellini,100 g,339 Cal
Pasta & Noodles,Cellophane Noodles,100 g,351 Cal
Pasta & Noodles,Chinese Noodles,100 g,351 Cal
Pasta & Noodles,Egg Noodles,100 g,384 Cal
Pasta & Noodles,"Egg Noodles, cooked",100 g,138 Cal
Pasta & Noodles,Farfalle,100 g,359 Cal
Pasta & Noodles,Fettuccine,100 g,359 Cal
Pasta & Noodles,Fusilli,100 g,354 Cal
Pasta & Noodles,Glass Noodles,100 g,340 Cal
Pasta & Noodles,Instant Noodles,100 g,257 Cal
Pasta & Noodles,"Lasagna, homemade",100 g,250 Cal
Pasta & Noodles,Lasagne Sheets,100 g,356 Cal
Pasta & Noodles,Linguine,100 g,359 Cal
Pasta & Noodles,Macaroni,100 g,359 Cal
Pasta & Noodles,"Macaroni, cooked",100 g,128 Cal
Pasta & Noodles,Mostaccioli,100 g,154 Cal
Pasta & Noodles,Orzo,100 g,362 Cal
Pasta & Noodles,Pasta,100 g,365 Cal
Pasta & Noodles,"Pasta, cooked",100 g,141 Cal
Pasta & Noodles,Penne Pasta,100 g,359 Cal
Pasta & Noodles,Pierogi,100 g,167 Cal
Pasta & Noodles,Ravioli,100 g,242 Cal
Pasta & Noodles,Rigatoni,100 g,353 Cal
Pasta & Noodles,Rotini,100 g,371 Cal
Pasta & Noodles,Shirataki Noodles,100 g,9 Cal
Pasta & Noodles,Spaghetti,100 g,353 Cal
Pasta & Noodles,"Spaghetti, Whole Grain",100 g,337 Cal
Pasta & Noodles,"Spaghetti, cooked",100 g,131 Cal
Pasta & Noodles,Spätzle,100 g,218 Cal
Pasta & Noodles,Tagliatelle,100 g,346 Cal
Pasta & Noodles,Tortellini,100 g,273 Cal
Pasta & Noodles,"Tortellini, with Cheese",100 g,393 Cal
Pasta & Noodles,Vermicelli,100 g,331 Cal
Pasta & Noodles,Whole Grain Noodles,100 g,342 Cal
Pasta & Noodles,Ziti,100 g,143 Cal
Pork,Bacon,100 g,270 Cal
Pork,Baked Ham,100 g,135 Cal
Pork,Cumberland Sausage,100 g,325 Cal
Pork,Ground Pork,100 g,279 Cal
Pork,Hog Maws,100 g,250 Cal
Pork,Pork,100 g,279 Cal
Pork,Pork Bacon,100 g,810 Cal
Pork,Pork Belly,100 g,197 Cal
Pork,Pork Chop,100 g,133 Cal
Pork,"Pork Chop, grilled",100 g,150 Cal
Pork,Pork Country Style Ribs,100 g,189 Cal
Pork,Pork Cutlet,100 g,106 Cal
Pork,Pork Egg Roll,100 g,278 Cal
Pork,Pork Leg,100 g,179 Cal
Pork,Pork Liver,100 g,129 Cal
Pork,Pork Loin,100 g,106 Cal
Pork,Pork Roast,100 g,296 Cal
Pork,Pork Roll,100 g,106 Cal
Pork,Pork Sausage,100 g,293 Cal
Pork,Pork Shoulder,100 g,219 Cal
Pork,Pork Skin,100 g,621 Cal
Pork,Pork Spare Ribs,100 g,277 Cal
Pork,Pork Steak,100 g,106 Cal
Pork,Pork Tamale,100 g,174 Cal
Pork,Pork Tongue,100 g,160 Cal
Pork,Salt Pork,100 g,184 Cal
Pork,Sausage Patty,100 g,288 Cal
Pork,Slice of Ham,100 g,97 Cal
Pork,Smoked Sausage,100 g,309 Cal
Pork,"Spare Ribs, Pork Ribs",100 g,320 Cal
Potatoes & Potato Products,Baked Potato,100 g,122 Cal
Potatoes & Potato Products,Croquettes,100 g,180 Cal
Potatoes & Potato Products,Curly Fries,100 g,176 Cal
Potatoes & Potato Products,French Fries,100 g,312 Cal
Potatoes & Potato Products,Gnocchi,100 g,163 Cal
Potatoes & Potato Products,Hash Browns,100 g,173 Cal
Potatoes & Potato Products,Latkes,100 g,194 Cal
Potatoes & Potato Products,Mashed Potato,100 g,93 Cal
Potatoes & Potato Products,"Mashed Potato, with Milk and Butter",100 g,74 Cal
Potatoes & Potato Products,Potato Flour,100 g,361 Cal
Potatoes & Potato Products,Potato Pancake,100 g,268 Cal
Potatoes & Potato Products,Potato Salad,100 g,105 Cal
Potatoes & Potato Products,"Potato Salad, with Egg",100 g,250 Cal
Potatoes & Potato Products,Potato Waffles,100 g,190 Cal
Potatoes & Potato Products,Potato Wedges,100 g,162 Cal
Potatoes & Potato Products,"Potato, baked, Baked Potato with Sour Cream",100 g,130 Cal
Potatoes & Potato Products,"Potato, boiled",100 g,88 Cal
Potatoes & Potato Products,"Potato, fried",100 g,104 Cal
Potatoes & Potato Products,"Potatoes au Gratin, Potato Gratin, Scalloped Potatoes",100 g,113 Cal
Potatoes & Potato Products,Red Potato,100 g,70 Cal
Potatoes & Potato Products,Roast Potato,100 g,152 Cal
Potatoes & Potato Products,Rosemary Potato,100 g,162 Cal
Potatoes & Potato Products,Russet Potato,100 g,83 Cal
Potatoes & Potato Products,Shoestring French Fries,100 g,163 Cal
Potatoes & Potato Products,Sweet Potato,100 g,116 Cal
Potatoes & Potato Products,Sweet Potato Fries,100 g,162 Cal
Potatoes & Potato Products,"Sweet Potato, roasted",100 g,112 Cal
Potatoes & Potato Products,White Potato,100 g,69 Cal
Potatoes & Potato Products,Yam,100 g,116 Cal
"Poultry, Chicken & Turkey",Chicken,100 g,166 Cal
"Poultry, Chicken & Turkey",Chicken Biryani,100 g,253 Cal
"Poultry, Chicken & Turkey",Chicken Breast,100 g,101 Cal
"Poultry, Chicken & Turkey","Chicken Breast, cooked",100 g,99 Cal
"Poultry, Chicken & Turkey","Chicken Breast, fried",100 g,105 Cal
"Poultry, Chicken & Turkey","Chicken Breast, grilled",100 g,107 Cal
"Poultry, Chicken & Turkey","Chicken Breast, roasted, baked",100 g,128 Cal
"Poultry, Chicken & Turkey","Chicken Breast, skinless",100 g,101 Cal
"Poultry, Chicken & Turkey",Chicken Drumstick,100 g,149 Cal
"Poultry, Chicken & Turkey",Chicken Fried Steak,100 g,141 Cal
"Poultry, Chicken & Turkey",Chicken Giblets,100 g,229 Cal
"Poultry, Chicken & Turkey",Chicken Heart,100 g,47 Cal
"Poultry, Chicken & Turkey",Chicken Liver,100 g,136 Cal
"Poultry, Chicken & Turkey",Chicken Liver Pate,100 g,201 Cal
"Poultry, Chicken & Turkey",Chicken Nuggets,100 g,252 Cal
"Poultry, Chicken & Turkey",Chicken Patty,100 g,290 Cal
"Poultry, Chicken & Turkey",Chicken Sausage,100 g,199 Cal
"Poultry, Chicken & Turkey",Chicken Strips,100 g,271 Cal
"Poultry, Chicken & Turkey",Chicken Tenders,100 g,271 Cal
"Poultry, Chicken & Turkey",Chicken Thigh,100 g,173 Cal
"Poultry, Chicken & Turkey","Chicken Thigh, cooked",100 g,141 Cal
"Poultry, Chicken & Turkey","Chicken Thigh, grilled, roasted",100 g,164 Cal
"Poultry, Chicken & Turkey","Chicken Thigh, skinless",100 g,175 Cal
"Poultry, Chicken & Turkey",Chicken Wings,100 g,191 Cal
"Poultry, Chicken & Turkey","Chicken, baked",100 g,117 Cal
"Poultry, Chicken & Turkey","Chicken, boiled",100 g,118 Cal
"Poultry, Chicken & Turkey","Chicken, grilled",100 g,151 Cal
"Poultry, Chicken & Turkey",Cornish Hens,100 g,200 Cal
"Poultry, Chicken & Turkey",Deviled Eggs,100 g,198 Cal
"Poultry, Chicken & Turkey",Goose Meat,100 g,161 Cal
"Poultry, Chicken & Turkey",Ground Turkey,100 g,203 Cal
"Poultry, Chicken & Turkey",Orange Chicken,100 g,262 Cal
"Poultry, Chicken & Turkey",Ostrich Meat,100 g,117 Cal
"Poultry, Chicken & Turkey",Quail,100 g,110 Cal
"Poultry, Chicken & Turkey",Rotisserie Chicken,100 g,188 Cal
"Poultry, Chicken & Turkey",Tandoori Chicken,100 g,247 Cal
"Poultry, Chicken & Turkey",Turkey,100 g,157 Cal
"Poultry, Chicken & Turkey",Turkey Bacon,100 g,226 Cal
"Poultry, Chicken & Turkey",Turkey Breast,100 g,105 Cal
"Poultry, Chicken & Turkey","Turkey Breast, roasted",100 g,147 Cal
"Poultry, Chicken & Turkey","Turkey Breast, sliced",100 g,105 Cal
"Poultry, Chicken & Turkey",Turkey Cutlet,100 g,262 Cal
"Poultry, Chicken & Turkey",Turkey Drumsticks,100 g,118 Cal
"Poultry, Chicken & Turkey",Turkey Egg,100 g,171 Cal
"Poultry, Chicken & Turkey",Turkey Heart,100 g,117 Cal
"Poultry, Chicken & Turkey",Turkey Legs,100 g,144 Cal
"Poultry, Chicken & Turkey",Turkey Pastrami,100 g,143 Cal
"Poultry, Chicken & Turkey",Turkey Sausage,100 g,199 Cal
"Poultry, Chicken & Turkey",Turkey Steak,100 g,105 Cal
"Poultry, Chicken & Turkey",Turkey Wings,100 g,115 Cal
Rice & Rice Products,Basmati Rice,100 g,352 Cal
Rice & Rice Products,Black Rice,100 g,362 Cal
Rice & Rice Products,Brown Rice,100 g,367 Cal
Rice & Rice Products,"Brown Rice, cooked",100 g,147 Cal
Rice & Rice Products,Fried Rice,100 g,125 Cal
Rice & Rice Products,Idly Rice,100 g,128 Cal
Rice & Rice Products,Jasmine Rice,100 g,356 Cal
Rice & Rice Products,Puffed Rice,100 g,389 Cal
Rice & Rice Products,Rice Bran,100 g,402 Cal
Rice & Rice Products,Rice Bran Oil,100 g,884 Cal
Rice & Rice Products,Rice Cake,100 g,387 Cal
Rice & Rice Products,Rice Crackers,100 g,389 Cal
Rice & Rice Products,Rice Crisps,100 g,384 Cal
Rice & Rice Products,"Rice Noodles, cooked",100 g,107 Cal
Rice & Rice Products,Shirataki Rice,100 g,9 Cal
Rice & Rice Products,Spanish Rice,100 g,185 Cal
Rice & Rice Products,White Rice,100 g,350 Cal
Rice & Rice Products,"White Rice, cooked",100 g,130 Cal
Rice & Rice Products,"White Rice, steamed",100 g,151 Cal
Rice & Rice Products,"Wild Rice, cooked",100 g,137 Cal
Salad,"Arugula, Rocket, Rucola",100 g,30 Cal
Salad,Bacon Ranch Salad,100 g,122 Cal
Salad,Caesar Salad,100 g,187 Cal
Salad,Coleslaw,100 g,53 Cal
Salad,Corn Salad,100 g,76 Cal
Salad,Endive Salad,100 g,18 Cal
Salad,Garden Salad,100 g,19 Cal
Salad,Greek Salad,100 g,72 Cal
Salad,Grilled Chicken Salad,100 g,180 Cal
Salad,Ham Salad,100 g,216 Cal
Salad,"Iceberg Lettuce, Iceberg Salad",100 g,15 Cal
Salad,Kalette,100 g,53 Cal
Salad,Lamb's Lettuce,100 g,18 Cal
Salad,"Lettuce, Green Lettuce",100 g,14 Cal
Salad,Mixed Greens Salad,100 g,14 Cal
Salad,Red Lettuce,100 g,25 Cal
Salad,Romaine Lettuce,100 g,18 Cal
Salad,Side Salad,100 g,38 Cal
Salad,Spring Mix Salad,100 g,24 Cal
Salad,Vegetable Salad,100 g,14 Cal
Sushi,"Avocado Sushi, Maki",100 g,93 Cal
Sushi,California Roll Inside Out,100 g,94 Cal
Sushi,Cucumber Maki,100 g,93 Cal
Sushi,Inside Out Sushi,100 g,94 Cal
Sushi,Nigiri,100 g,165 Cal
Sushi,Nori,100 g,315 Cal
Sushi,Pickled Ginger,100 g,20 Cal
Sushi,Salmon Maki,100 g,163 Cal
Sushi,Salmon Nigiri,100 g,181 Cal
Sushi,Salmon Sashimi,100 g,180 Cal
Sushi,Sashimi,100 g,188 Cal
Sushi,Soy Sauce,100 ml,122 Cal
Sushi,Surimi,100 g,114 Cal
Sushi,Tempura Sushi,100 g,160 Cal
Sushi,"Tuna Sushi, Maki",100 g,173 Cal
Sushi,Uramaki,100 g,187 Cal
Sushi,Wasabi,100 g,137 Cal
Tofu & Vegan Products,Almond Milk,100 ml,22 Cal
Tofu & Vegan Products,Azumaya Tofu,100 g,82 Cal
Tofu & Vegan Products,Bean Curd,100 g,154 Cal
Tofu & Vegan Products,"Bean Curd, fried",100 g,61 Cal
Tofu & Vegan Products,Firm Tofu,100 g,85 Cal
Tofu & Vegan Products,Meatless Meatballs,100 g,197 Cal
Tofu & Vegan Products,Oat Milk,100 ml,40 Cal
Tofu & Vegan Products,Plant Based Chicken,100 g,429 Cal
Tofu & Vegan Products,Rice Milk,100 ml,53 Cal
Tofu & Vegan Products,Seitan,100 g,183 Cal
Tofu & Vegan Products,Silken Tofu,100 g,53 Cal
Tofu & Vegan Products,Soft Tofu,100 g,53 Cal
Tofu & Vegan Products,Soy Cheese,100 g,263 Cal
Tofu & Vegan Products,Soy Milk,100 ml,36 Cal
Tofu & Vegan Products,"Soy Milk, unsweetened",100 ml,33 Cal
Tofu & Vegan Products,Soy Nut Butter,100 g,614 Cal
Tofu & Vegan Products,Soy Yogurt,100 g,29 Cal
Tofu & Vegan Products,Soya Chunks,100 g,257 Cal
Tofu & Vegan Products,Tempeh,100 g,167 Cal
Tofu & Vegan Products,Textured Soy Protein,100 g,446 Cal
Tofu & Vegan Products,Tofu,100 g,127 Cal
Tofu & Vegan Products,"Tofu, fried",100 g,270 Cal
Tofu & Vegan Products,"Vanilla Almond Milk, unsweetened",100 ml,21 Cal
Tofu & Vegan Products,Vegan Chicken,100 g,159 Cal
Tofu & Vegan Products,Vegan Meat,100 g,255 Cal
Tofu & Vegan Products,Vegan Steak,100 g,268 Cal
Tofu & Vegan Products,Veggie Patty,100 g,198 Cal
Yogurt,Actimel (Danone),100 g,73 Cal
Yogurt,Activia (Danone),100 g,74 Cal
Yogurt,Activia Strawberry (Danone),100 g,88 Cal
Yogurt,Ayran,100 ml,35 Cal
Yogurt,Blueberry Yogurt,100 g,67 Cal
Yogurt,Fruit Yogurt,100 g,105 Cal
Yogurt,Greek Yogurt,100 g,116 Cal
Yogurt,"Greek Yogurt, 0%, fat free",100 g,54 Cal
Yogurt,Low Fat Yogurt,100 g,45 Cal
Yogurt,Magerquark,100 g,73 Cal
Yogurt,"Natural Yoghurt, plain",100 g,69 Cal
Yogurt,Organic Yogurt,100 ml,66 Cal
Yogurt,Quark,100 g,160 Cal
Yogurt,Skim Milk Yogurt,100 g,72 Cal
Yogurt,Skyr Yogurt,100 g,48 Cal
Yogurt,Sour Cream,100 g,196 Cal
Yogurt,"Sour Cream, light",100 g,136 Cal
Yogurt,Strawberry Greek Yogurt,100 g,82 Cal
Yogurt,Strawberry Yogurt,100 g,45 Cal
Yogurt,Triple Zero Greek Yogurt (Oikos),100 g,80 Cal
Yogurt,Vanilla Yogurt,100 g,102 Cal
Yogurt,Yogurt Parfait,100 g,84 Cal
Yogurt,Yoplait Strawberry,100 g,88 Cal
